Sr. No.,Assigned To,Company Name,Website,Website Verified,Scan Completed,Screenshot Taken,Wave AIM Score,Axe Score,LH Score,Screenshot link,Contact Person 1,Designation 1,Email ID 1,Contact Person 2,Designation 2,Email ID 2
"1","Unassigned","Aegis Logistics Ltd","https://aegislogistics.com","Yes","Yes","Yes","1 out of 10","15","40","![WAVE Tool Screenshot](https://github.com/VEER-TANMAY-SACHIN/projects/blob/main/orchavate_gtm_workflow/outputs/projects/Aegis_Logistics_Ltd/screenshots/Aegis_Logistics_Ltd_Homepage_WAVE_Overlay.png)","Company Secretary (Aegis Logistics Ltd)","Company Secretary & Compliance Officer","Solutions@AegisLogistics.com","General Contact Email","Managing Director / CEO","Solutions@AegisLogistics.com"
"2","Unassigned","Utique Enterprises Ltd","https://utiqueshop.com","Yes","Yes","Yes","8.5 out of 10","","100","![WAVE Tool Screenshot](https://github.com/VEER-TANMAY-SACHIN/projects/blob/main/orchavate_gtm_workflow/outputs/projects/Utique_Enterprises_Ltd/screenshots/Utique_Enterprises_Ltd_Homepage_WAVE_Overlay.png)","Company Secretary (Utique Enterprises Ltd)","Company Secretary & Compliance Officer","info@utiqueshop.com","General Contact Email (Guessed Pattern)","Managing Director / CEO","info@utiqueshop.com"
"3","Unassigned","Bombay Dyeing & Manufacturing Company Ltd","https://bombaydyeing.com","Yes","Yes","Yes","1 out of 10","19","30","![WAVE Tool Screenshot](https://github.com/VEER-TANMAY-SACHIN/projects/blob/main/orchavate_gtm_workflow/outputs/projects/Bombay_Dyeing___Manufacturing_Company_Ltd/screenshots/Bombay_Dyeing___Manufacturing_Company_Ltd_Homepage_WAVE_Overlay.png)","Company Secretary (Bombay Dyeing & Manufacturing Company Ltd)","Company Secretary & Compliance Officer","customerfeedback@bombaydyeing.com","Investor Grievance / Compliance Officer Email","Managing Director / CEO","grievance_redressal_cell@bombaydyeing.com"
"4","Unassigned","Asian Hotels (North) Ltd","https://asianhotelsnorth.com","Yes","Yes","Yes","1 out of 10","13","48","![WAVE Tool Screenshot](https://github.com/VEER-TANMAY-SACHIN/projects/blob/main/orchavate_gtm_workflow/outputs/projects/Asian_Hotels__North__Ltd/screenshots/Asian_Hotels__North__Ltd_Homepage_WAVE_Overlay.png)","Company Secretary (Asian Hotels (North) Ltd)","Company Secretary & Compliance Officer","investorrelations@ahlnorth.com","Investor Grievance / Compliance Officer Email","Managing Director / CEO","sunil.upadhyay@ahlnorth.com"
"5","Unassigned","Atul Ltd","https://atulsongaday.me","Yes","Yes","Yes","9.1 out of 10","1","96","![WAVE Tool Screenshot](https://github.com/VEER-TANMAY-SACHIN/projects/blob/main/orchavate_gtm_workflow/outputs/projects/Atul_Ltd/screenshots/Atul_Ltd_Homepage_WAVE_Overlay.png)","Company Secretary (Atul Ltd)","Company Secretary & Compliance Officer","info@atulsongaday.me","General Contact Email (Guessed Pattern)","Managing Director / CEO","info@atulsongaday.me"
"6","Unassigned","Bajaj Electricals Ltd","https://bajajelectricals.com","Yes","Yes","Yes","1 out of 10","17","32","![WAVE Tool Screenshot](https://github.com/VEER-TANMAY-SACHIN/projects/blob/main/orchavate_gtm_workflow/outputs/projects/Bajaj_Electricals_Ltd/screenshots/Bajaj_Electricals_Ltd_Homepage_WAVE_Overlay.png)","Company Secretary (Bajaj Electricals Ltd)","Company Secretary & Compliance Officer","Not publicly disclosed","General Contact Email","Managing Director / CEO","Not publicly disclosed"
"7","Unassigned","Bajaj Hindusthan Sugar Ltd","https://bajajhindusthan.com","Yes","Yes","Yes","6.3 out of 10","","100","![WAVE Tool Screenshot](https://github.com/VEER-TANMAY-SACHIN/projects/blob/main/orchavate_gtm_workflow/outputs/projects/Bajaj_Hindusthan_Sugar_Ltd/screenshots/Bajaj_Hindusthan_Sugar_Ltd_Homepage_WAVE_Overlay.png)","Company Secretary (Bajaj Hindusthan Sugar Ltd)","Company Secretary & Compliance Officer","info@bajajhindusthan.com","General Contact Email (Guessed Pattern)","Managing Director / CEO","info@bajajhindusthan.com"
"8","Unassigned","Force Motors Ltd","https://forcemotors.com","Yes","No","No","7 out of 10","","","![WAVE Tool Screenshot](https://github.com/VEER-TANMAY-SACHIN/projects/blob/main/orchavate_gtm_workflow/outputs/projects/Force_Motors_Ltd/screenshots/Force_Motors_Ltd_Homepage_WAVE_Overlay.png)","Company Secretary (Force Motors Ltd)","Company Secretary & Compliance Officer","Not publicly disclosed","N/A","Managing Director / CEO","Not publicly disclosed"
"9","Unassigned","Bajaj Finance Ltd","https://bajajhousingfinance.in","Yes","Yes","Yes","1 out of 10","35","30","![WAVE Tool Screenshot](https://github.com/VEER-TANMAY-SACHIN/projects/blob/main/orchavate_gtm_workflow/outputs/projects/Bajaj_Finance_Ltd/screenshots/Bajaj_Finance_Ltd_Homepage_WAVE_Overlay.png)","Company Secretary (Bajaj Finance Ltd)","Company Secretary & Compliance Officer","bhflwecare@bajajhousing.co.in","General Contact Email","Managing Director / CEO","bhflwecare@bajajhousing.co.in"
"10","Unassigned","Balrampur Chini Mills Ltd","https://chini.com","Yes","No","No","8.5 out of 10","","","![WAVE Tool Screenshot](https://github.com/VEER-TANMAY-SACHIN/projects/blob/main/orchavate_gtm_workflow/outputs/projects/Balrampur_Chini_Mills_Ltd/screenshots/Balrampur_Chini_Mills_Ltd_Homepage_WAVE_Overlay.png)","Company Secretary (Balrampur Chini Mills Ltd)","Company Secretary & Compliance Officer","Not publicly disclosed","N/A","Managing Director / CEO","Not publicly disclosed"
"11","Unassigned","BEML Ltd","https://bemlindia.in","Yes","Yes","Yes","6.3 out of 10","5","80","![WAVE Tool Screenshot](https://github.com/VEER-TANMAY-SACHIN/projects/blob/main/orchavate_gtm_workflow/outputs/projects/BEML_Ltd/screenshots/BEML_Ltd_Homepage_WAVE_Overlay.png)","Company Secretary (BEML Ltd)","Company Secretary & Compliance Officer","info@bemlindia.in","General Contact Email (Guessed Pattern)","Managing Director / CEO","info@bemlindia.in"
"12","Unassigned","Bharat Electronics Ltd","https://beil.co.in","Yes","No","No","5.8 out of 10","","","![WAVE Tool Screenshot](https://github.com/VEER-TANMAY-SACHIN/projects/blob/main/orchavate_gtm_workflow/outputs/projects/Bharat_Electronics_Ltd/screenshots/Bharat_Electronics_Ltd_Homepage_WAVE_Overlay.png)","Company Secretary (Bharat Electronics Ltd)","Company Secretary & Compliance Officer","Not publicly disclosed","N/A","Managing Director / CEO","Not publicly disclosed"
"13","Unassigned","Bhansali Engineering Polymers Ltd","https://bhansaliabs.com","Yes","Yes","Yes","5.8 out of 10","6","76","![WAVE Tool Screenshot](https://github.com/VEER-TANMAY-SACHIN/projects/blob/main/orchavate_gtm_workflow/outputs/projects/Bhansali_Engineering_Polymers_Ltd/screenshots/Bhansali_Engineering_Polymers_Ltd_Homepage_WAVE_Overlay.png)","Company Secretary (Bhansali Engineering Polymers Ltd)","Company Secretary & Compliance Officer","rnt.helpdesk@in.mpms.mufg.com","Investor Grievance / Compliance Officer Email","Managing Director / CEO","Investors@Bhansaliabs.com"
"14","Unassigned","Birla Cable Ltd","https://birlacable.com","Yes","Yes","Yes","1.5 out of 10","12","52","![WAVE Tool Screenshot](https://github.com/VEER-TANMAY-SACHIN/projects/blob/main/orchavate_gtm_workflow/outputs/projects/Birla_Cable_Ltd/screenshots/Birla_Cable_Ltd_Homepage_WAVE_Overlay.png)","Company Secretary (Birla Cable Ltd)","Company Secretary & Compliance Officer","Not publicly disclosed","General Contact Email","Managing Director / CEO","Not publicly disclosed"
"15","Unassigned","Blue Star Ltd","https://bluestarindia.com","Yes","Yes","Yes","1 out of 10","64","30","![WAVE Tool Screenshot](https://github.com/VEER-TANMAY-SACHIN/projects/blob/main/orchavate_gtm_workflow/outputs/projects/Blue_Star_Ltd/screenshots/Blue_Star_Ltd_Homepage_WAVE_Overlay.png)","Company Secretary (Blue Star Ltd)","Company Secretary & Compliance Officer","investors@bluestarindia.com","General Contact Email","Managing Director / CEO","investors@bluestarindia.com"
"16","Unassigned","Disa India Ltd","https://disa-india.com","Yes","No","No","7 out of 10","","","![WAVE Tool Screenshot](https://github.com/VEER-TANMAY-SACHIN/projects/blob/main/orchavate_gtm_workflow/outputs/projects/Disa_India_Ltd/screenshots/Disa_India_Ltd_Homepage_WAVE_Overlay.png)","Company Secretary (Disa India Ltd)","Company Secretary & Compliance Officer","Not publicly disclosed","N/A","Managing Director / CEO","Not publicly disclosed"
"17","Unassigned","BPL Ltd","https://bpl.org","Yes","Yes","Yes","9.1 out of 10","1","96","![WAVE Tool Screenshot](https://github.com/VEER-TANMAY-SACHIN/projects/blob/main/orchavate_gtm_workflow/outputs/projects/BPL_Ltd/screenshots/BPL_Ltd_Homepage_WAVE_Overlay.png)","Company Secretary (BPL Ltd)","Company Secretary & Compliance Officer","info@bpl.org","General Contact Email (Guessed Pattern)","Managing Director / CEO","info@bpl.org"
"18","Unassigned","Oriental Aromatics Ltd","https://orientalaromatics.com","Yes","Yes","Yes","8.5 out of 10","2","92","![WAVE Tool Screenshot](https://github.com/VEER-TANMAY-SACHIN/projects/blob/main/orchavate_gtm_workflow/outputs/projects/Oriental_Aromatics_Ltd/screenshots/Oriental_Aromatics_Ltd_Homepage_WAVE_Overlay.png)","Company Secretary (Oriental Aromatics Ltd)","Company Secretary & Compliance Officer","info@orientalaromatics.com","Investor Grievance / Compliance Officer Email","Managing Director / CEO","cs@orientalaromatics.com"
"19","Unassigned","Century Extrusions Ltd","https://centuryextrusions.com","Yes","Yes","Yes","1 out of 10","15","40","![WAVE Tool Screenshot](https://github.com/VEER-TANMAY-SACHIN/projects/blob/main/orchavate_gtm_workflow/outputs/projects/Century_Extrusions_Ltd/screenshots/Century_Extrusions_Ltd_Homepage_WAVE_Overlay.png)","Company Secretary (Century Extrusions Ltd)","Company Secretary & Compliance Officer","enquiry@centuryextrusions.com","Investor Grievance / Compliance Officer Email","Managing Director / CEO","info@centuryextrusions.com"
"20","Unassigned","CESC Ltd","https://cesc.co.in","Yes","Yes","Yes","8.5 out of 10","","100","![WAVE Tool Screenshot](https://github.com/VEER-TANMAY-SACHIN/projects/blob/main/orchavate_gtm_workflow/outputs/projects/CESC_Ltd/screenshots/CESC_Ltd_Homepage_WAVE_Overlay.png)","Company Secretary (CESC Ltd)","Company Secretary & Compliance Officer","info@cesc.co.in","General Contact Email (Guessed Pattern)","Managing Director / CEO","info@cesc.co.in"
"21","Unassigned","Chambal Fertilisers & Chemicals Ltd","https://chambalfertilisers.com","Yes","Yes","Yes","4.3 out of 10","8","68","![WAVE Tool Screenshot](https://github.com/VEER-TANMAY-SACHIN/projects/blob/main/orchavate_gtm_workflow/outputs/projects/Chambal_Fertilisers___Chemicals_Ltd/screenshots/Chambal_Fertilisers___Chemicals_Ltd_Homepage_WAVE_Overlay.png)","Company Secretary (Chambal Fertilisers & Chemicals Ltd)","Company Secretary & Compliance Officer","einward.ris@Kfintech.com","General Contact Email","Managing Director / CEO","einward.ris@Kfintech.com"
"22","Unassigned","Exide Industries Ltd","https://exideindustries.com","Yes","Yes","Yes","9.1 out of 10","1","96","![WAVE Tool Screenshot](https://github.com/VEER-TANMAY-SACHIN/projects/blob/main/orchavate_gtm_workflow/outputs/projects/Exide_Industries_Ltd/screenshots/Exide_Industries_Ltd_Homepage_WAVE_Overlay.png)","Company Secretary (Exide Industries Ltd)","Company Secretary & Compliance Officer","info@exideindustries.com","General Contact Email (Guessed Pattern)","Managing Director / CEO","info@exideindustries.com"
"23","Unassigned","Cipla Ltd","https://cipla.com","Yes","Yes","Yes","1 out of 10","14","44","![WAVE Tool Screenshot](https://github.com/VEER-TANMAY-SACHIN/projects/blob/main/orchavate_gtm_workflow/outputs/projects/Cipla_Ltd/screenshots/Cipla_Ltd_Homepage_WAVE_Overlay.png)","Company Secretary (Cipla Ltd)","Company Secretary & Compliance Officer","info@cipla.com","General Contact Email (Guessed Pattern)","Managing Director / CEO","info@cipla.com"
"24","Unassigned","DIC India Ltd","https://dicindialtd.co","Yes","No","No","8.5 out of 10","","","![WAVE Tool Screenshot](https://github.com/VEER-TANMAY-SACHIN/projects/blob/main/orchavate_gtm_workflow/outputs/projects/DIC_India_Ltd/screenshots/DIC_India_Ltd_Homepage_WAVE_Overlay.png)","Company Secretary (DIC India Ltd)","Company Secretary & Compliance Officer","Not publicly disclosed","N/A","Managing Director / CEO","Not publicly disclosed"
"25","Unassigned","Crisil Ltd","https://crisil.com","Yes","Yes","Yes","1 out of 10","22","30","![WAVE Tool Screenshot](https://github.com/VEER-TANMAY-SACHIN/projects/blob/main/orchavate_gtm_workflow/outputs/projects/Crisil_Ltd/screenshots/Crisil_Ltd_Homepage_WAVE_Overlay.png)","Company Secretary (Crisil Ltd)","Company Secretary & Compliance Officer","info@crisil.com","General Contact Email (Guessed Pattern)","Managing Director / CEO","info@crisil.com"
"26","Unassigned","CG Power and Industrial Solutions Ltd","https://cgglobal.com","Yes","Yes","Yes","4.3 out of 10","8","68","![WAVE Tool Screenshot](https://github.com/VEER-TANMAY-SACHIN/projects/blob/main/orchavate_gtm_workflow/outputs/projects/CG_Power_and_Industrial_Solutions_Ltd/screenshots/CG_Power_and_Industrial_Solutions_Ltd_Homepage_WAVE_Overlay.png)","Company Secretary (CG Power and Industrial Solutions Ltd)","Company Secretary & Compliance Officer","info@cgglobal.com","General Contact Email (Guessed Pattern)","Managing Director / CEO","info@cgglobal.com"
"27","Unassigned","Dabur India Ltd","https://dabur.com","Yes","No","No","5.8 out of 10","","","![WAVE Tool Screenshot](https://github.com/VEER-TANMAY-SACHIN/projects/blob/main/orchavate_gtm_workflow/outputs/projects/Dabur_India_Ltd/screenshots/Dabur_India_Ltd_Homepage_WAVE_Overlay.png)","Company Secretary (Dabur India Ltd)","Company Secretary & Compliance Officer","Not publicly disclosed","N/A","Managing Director / CEO","Not publicly disclosed"
"28","Unassigned","Arvind Ltd","https://arvind.com","Yes","Yes","Yes","9.1 out of 10","1","96","![WAVE Tool Screenshot](https://github.com/VEER-TANMAY-SACHIN/projects/blob/main/orchavate_gtm_workflow/outputs/projects/Arvind_Ltd/screenshots/Arvind_Ltd_Homepage_WAVE_Overlay.png)","Company Secretary (Arvind Ltd)","Company Secretary & Compliance Officer","info@arvind.com","General Contact Email (Guessed Pattern)","Managing Director / CEO","info@arvind.com"
"29","Unassigned","Bharat Heavy Electricals Ltd","https://bhel.com","Yes","Yes","Yes","5.8 out of 10","6","76","![WAVE Tool Screenshot](https://github.com/VEER-TANMAY-SACHIN/projects/blob/main/orchavate_gtm_workflow/outputs/projects/Bharat_Heavy_Electricals_Ltd/screenshots/Bharat_Heavy_Electricals_Ltd_Homepage_WAVE_Overlay.png)","Company Secretary (Bharat Heavy Electricals Ltd)","Company Secretary & Compliance Officer","investor@bigshareonline.com","Investor Grievance / Compliance Officer Email","Managing Director / CEO","investor@bigshareonline.com"
"30","Unassigned","Hindustan Petroleum Corporation Ltd","https://hindustanpetroleum.com","Yes","No","No","8.5 out of 10","","","![WAVE Tool Screenshot](https://github.com/VEER-TANMAY-SACHIN/projects/blob/main/orchavate_gtm_workflow/outputs/projects/Hindustan_Petroleum_Corporation_Ltd/screenshots/Hindustan_Petroleum_Corporation_Ltd_Homepage_WAVE_Overlay.png)","Company Secretary (Hindustan Petroleum Corporation Ltd)","Company Secretary & Compliance Officer","Not publicly disclosed","N/A","Managing Director / CEO","Not publicly disclosed"
"31","Unassigned","IFCI Ltd","https://ifciltd.com","Yes","No","No","7 out of 10","","","![WAVE Tool Screenshot](https://github.com/VEER-TANMAY-SACHIN/projects/blob/main/orchavate_gtm_workflow/outputs/projects/IFCI_Ltd/screenshots/IFCI_Ltd_Homepage_WAVE_Overlay.png)","Company Secretary (IFCI Ltd)","Company Secretary & Compliance Officer","Not publicly disclosed","N/A","Managing Director / CEO","Not publicly disclosed"
"32","Unassigned","Mangalore Refinery and Petrochemicals Ltd","https://mrpl.co.in","Yes","No","No","5.8 out of 10","","","![WAVE Tool Screenshot](https://github.com/VEER-TANMAY-SACHIN/projects/blob/main/orchavate_gtm_workflow/outputs/projects/Mangalore_Refinery_and_Petrochemicals_Ltd/screenshots/Mangalore_Refinery_and_Petrochemicals_Ltd_Homepage_WAVE_Overlay.png)","Company Secretary (Mangalore Refinery and Petrochemicals Ltd)","Company Secretary & Compliance Officer","Not publicly disclosed","N/A","Managing Director / CEO","Not publicly disclosed"
"33","Unassigned","State Bank of India","https://onlinesbi.sbi","Yes","Yes","Yes","7 out of 10","","100","![WAVE Tool Screenshot](https://github.com/VEER-TANMAY-SACHIN/projects/blob/main/orchavate_gtm_workflow/outputs/projects/State_Bank_of_India/screenshots/State_Bank_of_India_Homepage_WAVE_Overlay.png)","Company Secretary (State Bank of India)","Company Secretary & Compliance Officer","info@onlinesbi.sbi","General Contact Email (Guessed Pattern)","Managing Director / CEO","info@onlinesbi.sbi"
"34","Unassigned","Steel Authority of India Ltd","https://sail.co.in","Yes","Yes","Yes","1 out of 10","22","30","![WAVE Tool Screenshot](https://github.com/VEER-TANMAY-SACHIN/projects/blob/main/orchavate_gtm_workflow/outputs/projects/Steel_Authority_of_India_Ltd/screenshots/Steel_Authority_of_India_Ltd_Homepage_WAVE_Overlay.png)","Company Secretary (Steel Authority of India Ltd)","Company Secretary & Compliance Officer","info@sail.co.in","General Contact Email (Guessed Pattern)","Managing Director / CEO","info@sail.co.in"
"35","Unassigned","Titan Company Ltd","https://titancompany.in","Yes","No","No","8.5 out of 10","","","![WAVE Tool Screenshot](https://github.com/VEER-TANMAY-SACHIN/projects/blob/main/orchavate_gtm_workflow/outputs/projects/Titan_Company_Ltd/screenshots/Titan_Company_Ltd_Homepage_WAVE_Overlay.png)","Company Secretary (Titan Company Ltd)","Company Secretary & Compliance Officer","Not publicly disclosed","N/A","Managing Director / CEO","Not publicly disclosed"
"36","Unassigned","IDBI Bank Ltd","https://idbibank.in","Yes","No","No","7 out of 10","","","![WAVE Tool Screenshot](https://github.com/VEER-TANMAY-SACHIN/projects/blob/main/orchavate_gtm_workflow/outputs/projects/IDBI_Bank_Ltd/screenshots/IDBI_Bank_Ltd_Homepage_WAVE_Overlay.png)","Company Secretary (IDBI Bank Ltd)","Company Secretary & Compliance Officer","Not publicly disclosed","N/A","Managing Director / CEO","Not publicly disclosed"
"37","Unassigned","DCW Ltd","https://dcwltd.com","Yes","No","No","8.5 out of 10","","","![WAVE Tool Screenshot](https://github.com/VEER-TANMAY-SACHIN/projects/blob/main/orchavate_gtm_workflow/outputs/projects/DCW_Ltd/screenshots/DCW_Ltd_Homepage_WAVE_Overlay.png)","Company Secretary (DCW Ltd)","Company Secretary & Compliance Officer","Not publicly disclosed","N/A","Managing Director / CEO","Not publicly disclosed"
"38","Unassigned","Dhampur Sugar Mills Ltd","https://dhampursugar.com","Yes","Yes","Yes","1 out of 10","16","36","![WAVE Tool Screenshot](https://github.com/VEER-TANMAY-SACHIN/projects/blob/main/orchavate_gtm_workflow/outputs/projects/Dhampur_Sugar_Mills_Ltd/screenshots/Dhampur_Sugar_Mills_Ltd_Homepage_WAVE_Overlay.png)","Company Secretary (Dhampur Sugar Mills Ltd)","Company Secretary & Compliance Officer","gaurav.kadnurrao@schbang.com","Investor Grievance / Compliance Officer Email","Managing Director / CEO","aparnagoel@dhampursugar.com"
"39","Unassigned","Dr Reddys Laboratories Ltd","https://drreddys.com","Yes","Yes","Yes","9.1 out of 10","1","96","![WAVE Tool Screenshot](https://github.com/VEER-TANMAY-SACHIN/projects/blob/main/orchavate_gtm_workflow/outputs/projects/Dr_Reddys_Laboratories_Ltd/screenshots/Dr_Reddys_Laboratories_Ltd_Homepage_WAVE_Overlay.png)","Company Secretary (Dr Reddys Laboratories Ltd)","Company Secretary & Compliance Officer","info@drreddys.com","General Contact Email (Guessed Pattern)","Managing Director / CEO","info@drreddys.com"
"40","Unassigned","EID Parry India Ltd","https://eidparry.com","Yes","Yes","Yes","1 out of 10","25","30","![WAVE Tool Screenshot](https://github.com/VEER-TANMAY-SACHIN/projects/blob/main/orchavate_gtm_workflow/outputs/projects/EID_Parry_India_Ltd/screenshots/EID_Parry_India_Ltd_Homepage_WAVE_Overlay.png)","Company Secretary (EID Parry India Ltd)","Company Secretary & Compliance Officer","info@eidparry.com","General Contact Email (Guessed Pattern)","Managing Director / CEO","info@eidparry.com"
"41","Unassigned","Procter & Gamble Health Ltd","https://pg.com","Yes","Yes","Yes","8.5 out of 10","","100","![WAVE Tool Screenshot](https://github.com/VEER-TANMAY-SACHIN/projects/blob/main/orchavate_gtm_workflow/outputs/projects/Procter___Gamble_Health_Ltd/screenshots/Procter___Gamble_Health_Ltd_Homepage_WAVE_Overlay.png)","Company Secretary (Procter & Gamble Health Ltd)","Company Secretary & Compliance Officer","info@pg.com","General Contact Email (Guessed Pattern)","Managing Director / CEO","info@pg.com"
"42","Unassigned","EPL Ltd","https://eplglobal.com","Yes","Yes","Yes","1 out of 10","26","30","![WAVE Tool Screenshot](https://github.com/VEER-TANMAY-SACHIN/projects/blob/main/orchavate_gtm_workflow/outputs/projects/EPL_Ltd/screenshots/EPL_Ltd_Homepage_WAVE_Overlay.png)","Company Secretary (EPL Ltd)","Company Secretary & Compliance Officer","info@eplglobal.com","General Contact Email","Managing Director / CEO","info@eplglobal.com"
"43","Unassigned","Ester Industries Ltd","https://ester.co","Yes","Yes","Yes","8.5 out of 10","","100","![WAVE Tool Screenshot](https://github.com/VEER-TANMAY-SACHIN/projects/blob/main/orchavate_gtm_workflow/outputs/projects/Ester_Industries_Ltd/screenshots/Ester_Industries_Ltd_Homepage_WAVE_Overlay.png)","Company Secretary (Ester Industries Ltd)","Company Secretary & Compliance Officer","info@ester.co","General Contact Email (Guessed Pattern)","Managing Director / CEO","info@ester.co"
"44","Unassigned","FGP Ltd","https://fgpltd.co.uk","Yes","No","No","7.8 out of 10","","","![WAVE Tool Screenshot](https://github.com/VEER-TANMAY-SACHIN/projects/blob/main/orchavate_gtm_workflow/outputs/projects/FGP_Ltd/screenshots/FGP_Ltd_Homepage_WAVE_Overlay.png)","Company Secretary (FGP Ltd)","Company Secretary & Compliance Officer","Not publicly disclosed","N/A","Managing Director / CEO","Not publicly disclosed"
"45","Unassigned","PH Capital Ltd","https://phoenix.edu","Yes","No","No","5.8 out of 10","","","![WAVE Tool Screenshot](https://github.com/VEER-TANMAY-SACHIN/projects/blob/main/orchavate_gtm_workflow/outputs/projects/PH_Capital_Ltd/screenshots/PH_Capital_Ltd_Homepage_WAVE_Overlay.png)","Company Secretary (PH Capital Ltd)","Company Secretary & Compliance Officer","Not publicly disclosed","N/A","Managing Director / CEO","Not publicly disclosed"
"46","Unassigned","John Cockerill India Ltd","https://johncockerillindia.com","Yes","Yes","Yes","3.6 out of 10","9","64","![WAVE Tool Screenshot](https://github.com/VEER-TANMAY-SACHIN/projects/blob/main/orchavate_gtm_workflow/outputs/projects/John_Cockerill_India_Ltd/screenshots/John_Cockerill_India_Ltd_Homepage_WAVE_Overlay.png)","Company Secretary (John Cockerill India Ltd)","Company Secretary & Compliance Officer","india@johncockerill.com","General Contact Email","Managing Director / CEO","india@johncockerill.com"
"47","Unassigned","Uflex Ltd","https://uflexltd.com","Yes","Yes","Yes","1 out of 10","53","30","![WAVE Tool Screenshot](https://github.com/VEER-TANMAY-SACHIN/projects/blob/main/orchavate_gtm_workflow/outputs/projects/Uflex_Ltd/screenshots/Uflex_Ltd_Homepage_WAVE_Overlay.png)","Company Secretary (Uflex Ltd)","Company Secretary & Compliance Officer","enquiry@uflexltd.com","General Contact Email","Managing Director / CEO","enquiry@uflexltd.com"
"48","Unassigned","Foseco India Ltd","https://fosecoindia.com","Yes","Yes","Yes","7 out of 10","","100","![WAVE Tool Screenshot](https://github.com/VEER-TANMAY-SACHIN/projects/blob/main/orchavate_gtm_workflow/outputs/projects/Foseco_India_Ltd/screenshots/Foseco_India_Ltd_Homepage_WAVE_Overlay.png)","Company Secretary (Foseco India Ltd)","Company Secretary & Compliance Officer","info@fosecoindia.com","General Contact Email (Guessed Pattern)","Managing Director / CEO","info@fosecoindia.com"
"49","Unassigned","Golden Tobacco Ltd","https://goldentobacco.in","Yes","Yes","Yes","9.1 out of 10","1","96","![WAVE Tool Screenshot](https://github.com/VEER-TANMAY-SACHIN/projects/blob/main/orchavate_gtm_workflow/outputs/projects/Golden_Tobacco_Ltd/screenshots/Golden_Tobacco_Ltd_Homepage_WAVE_Overlay.png)","Company Secretary (Golden Tobacco Ltd)","Company Secretary & Compliance Officer","info@goldentobacco.in","General Contact Email (Guessed Pattern)","Managing Director / CEO","info@goldentobacco.in"
"50","Unassigned","Ganesh Benzoplast Ltd","https://ganeshbenzoplast.com","Yes","Yes","Yes","1 out of 10","15","40","![WAVE Tool Screenshot](https://github.com/VEER-TANMAY-SACHIN/projects/blob/main/orchavate_gtm_workflow/outputs/projects/Ganesh_Benzoplast_Ltd/screenshots/Ganesh_Benzoplast_Ltd_Homepage_WAVE_Overlay.png)","Company Secretary (Ganesh Benzoplast Ltd)","Company Secretary & Compliance Officer","info@gblinfra.com","General Contact Email","Managing Director / CEO","info@gblinfra.com"
"51","Unassigned","Metroglobal Ltd","https://metrogloballimited.com","Yes","Yes","Yes","5.8 out of 10","","100","![WAVE Tool Screenshot](https://github.com/VEER-TANMAY-SACHIN/projects/blob/main/orchavate_gtm_workflow/outputs/projects/Metroglobal_Ltd/screenshots/Metroglobal_Ltd_Homepage_WAVE_Overlay.png)","Company Secretary (Metroglobal Ltd)","Company Secretary & Compliance Officer","info@metrogloballimited.com","General Contact Email (Guessed Pattern)","Managing Director / CEO","info@metrogloballimited.com"
"52","Unassigned","GTL Ltd","https://gtlaw.com","Yes","No","No","6.3 out of 10","","","![WAVE Tool Screenshot](https://github.com/VEER-TANMAY-SACHIN/projects/blob/main/orchavate_gtm_workflow/outputs/projects/GTL_Ltd/screenshots/GTL_Ltd_Homepage_WAVE_Overlay.png)","Company Secretary (GTL Ltd)","Company Secretary & Compliance Officer","Not publicly disclosed","N/A","Managing Director / CEO","Not publicly disclosed"
"53","Unassigned","Godrej Industries Ltd","https://godrej.com","Yes","No","No","5.8 out of 10","","","![WAVE Tool Screenshot](https://github.com/VEER-TANMAY-SACHIN/projects/blob/main/orchavate_gtm_workflow/outputs/projects/Godrej_Industries_Ltd/screenshots/Godrej_Industries_Ltd_Homepage_WAVE_Overlay.png)","Company Secretary (Godrej Industries Ltd)","Company Secretary & Compliance Officer","Not publicly disclosed","N/A","Managing Director / CEO","Not publicly disclosed"
"54","Unassigned","Kansai Nerolac Paints Ltd","https://nerolacbd.com","Yes","Yes","Yes","1 out of 10","21","30","![WAVE Tool Screenshot](https://github.com/VEER-TANMAY-SACHIN/projects/blob/main/orchavate_gtm_workflow/outputs/projects/Kansai_Nerolac_Paints_Ltd/screenshots/Kansai_Nerolac_Paints_Ltd_Homepage_WAVE_Overlay.png)","Company Secretary (Kansai Nerolac Paints Ltd)","Company Secretary & Compliance Officer","info@nerolacbd.com","General Contact Email","Managing Director / CEO","info@nerolacbd.com"
"55","Unassigned","Goodricke Group Ltd","https://goodricketea.com","Yes","No","No","8.5 out of 10","","","![WAVE Tool Screenshot](https://github.com/VEER-TANMAY-SACHIN/projects/blob/main/orchavate_gtm_workflow/outputs/projects/Goodricke_Group_Ltd/screenshots/Goodricke_Group_Ltd_Homepage_WAVE_Overlay.png)","Company Secretary (Goodricke Group Ltd)","Company Secretary & Compliance Officer","Not publicly disclosed","N/A","Managing Director / CEO","Not publicly disclosed"
"56","Unassigned","GTN Industries Ltd","https://gtnf.org","Yes","Yes","Yes","3.6 out of 10","9","64","![WAVE Tool Screenshot](https://github.com/VEER-TANMAY-SACHIN/projects/blob/main/orchavate_gtm_workflow/outputs/projects/GTN_Industries_Ltd/screenshots/GTN_Industries_Ltd_Homepage_WAVE_Overlay.png)","Company Secretary (GTN Industries Ltd)","Company Secretary & Compliance Officer","info@gtnf.org","General Contact Email (Guessed Pattern)","Managing Director / CEO","info@gtnf.org"
"57","Unassigned","GHCL Ltd","https://ghc.sa","Yes","No","No","8.5 out of 10","","","![WAVE Tool Screenshot](https://github.com/VEER-TANMAY-SACHIN/projects/blob/main/orchavate_gtm_workflow/outputs/projects/GHCL_Ltd/screenshots/GHCL_Ltd_Homepage_WAVE_Overlay.png)","Company Secretary (GHCL Ltd)","Company Secretary & Compliance Officer","Not publicly disclosed","N/A","Managing Director / CEO","Not publicly disclosed"
"58","Unassigned","GFL Ltd","https://gflenv.com","Yes","No","No","7.8 out of 10","","","![WAVE Tool Screenshot](https://github.com/VEER-TANMAY-SACHIN/projects/blob/main/orchavate_gtm_workflow/outputs/projects/GFL_Ltd/screenshots/GFL_Ltd_Homepage_WAVE_Overlay.png)","Company Secretary (GFL Ltd)","Company Secretary & Compliance Officer","Not publicly disclosed","N/A","Managing Director / CEO","Not publicly disclosed"
"59","Unassigned","HCL Infosystems Ltd","https://hclinfosystems.in","Yes","Yes","Yes","1 out of 10","36","30","![WAVE Tool Screenshot](https://github.com/VEER-TANMAY-SACHIN/projects/blob/main/orchavate_gtm_workflow/outputs/projects/HCL_Infosystems_Ltd/screenshots/HCL_Infosystems_Ltd_Homepage_WAVE_Overlay.png)","Company Secretary (HCL Infosystems Ltd)","Company Secretary & Compliance Officer","cosec@hcl.com","General Contact Email","Managing Director / CEO","cosec@hcl.com"
"60","Unassigned","HDFC Bank Ltd","https://hdfcbank.com","Yes","Yes","Yes","7.8 out of 10","3","88","![WAVE Tool Screenshot](https://github.com/VEER-TANMAY-SACHIN/projects/blob/main/orchavate_gtm_workflow/outputs/projects/HDFC_Bank_Ltd/screenshots/HDFC_Bank_Ltd_Homepage_WAVE_Overlay.png)","Company Secretary (HDFC Bank Ltd)","Company Secretary & Compliance Officer","info@hdfcbank.com","General Contact Email (Guessed Pattern)","Managing Director / CEO","info@hdfcbank.com"
"61","Unassigned","Hero MotoCorp Ltd","https://heromotocorp.com","Yes","Yes","Yes","7.8 out of 10","","100","![WAVE Tool Screenshot](https://github.com/VEER-TANMAY-SACHIN/projects/blob/main/orchavate_gtm_workflow/outputs/projects/Hero_MotoCorp_Ltd/screenshots/Hero_MotoCorp_Ltd_Homepage_WAVE_Overlay.png)","Company Secretary (Hero MotoCorp Ltd)","Company Secretary & Compliance Officer","xxx@yourdomain.com","General Contact Email","Managing Director / CEO","xxx@yourdomain.com"
"62","Unassigned","HFCL Ltd","https://hfcl.com","Yes","Yes","Yes","7 out of 10","4","84","![WAVE Tool Screenshot](https://github.com/VEER-TANMAY-SACHIN/projects/blob/main/orchavate_gtm_workflow/outputs/projects/HFCL_Ltd/screenshots/HFCL_Ltd_Homepage_WAVE_Overlay.png)","Company Secretary (HFCL Ltd)","Company Secretary & Compliance Officer","info@hfcl.com","General Contact Email (Guessed Pattern)","Managing Director / CEO","info@hfcl.com"
"63","Unassigned","Himadri Speciality Chemical Ltd","https://himadri.com","Yes","Yes","Yes","1 out of 10","19","30","![WAVE Tool Screenshot](https://github.com/VEER-TANMAY-SACHIN/projects/blob/main/orchavate_gtm_workflow/outputs/projects/Himadri_Speciality_Chemical_Ltd/screenshots/Himadri_Speciality_Chemical_Ltd_Homepage_WAVE_Overlay.png)","Company Secretary (Himadri Speciality Chemical Ltd)","Company Secretary & Compliance Officer","info@himadri.com","Investor Grievance / Compliance Officer Email","Managing Director / CEO","investors@himadri.com"
"64","Unassigned","Hindustan Construction Company Ltd","https://hccindia.com","Yes","No","No","7.8 out of 10","","","![WAVE Tool Screenshot](https://github.com/VEER-TANMAY-SACHIN/projects/blob/main/orchavate_gtm_workflow/outputs/projects/Hindustan_Construction_Company_Ltd/screenshots/Hindustan_Construction_Company_Ltd_Homepage_WAVE_Overlay.png)","Company Secretary (Hindustan Construction Company Ltd)","Company Secretary & Compliance Officer","Not publicly disclosed","N/A","Managing Director / CEO","Not publicly disclosed"
"65","Unassigned","Agi Greenpac Ltd","https://agigreenpac.com","Yes","Yes","Yes","8.5 out of 10","2","92","![WAVE Tool Screenshot](https://github.com/VEER-TANMAY-SACHIN/projects/blob/main/orchavate_gtm_workflow/outputs/projects/Agi_Greenpac_Ltd/screenshots/Agi_Greenpac_Ltd_Homepage_WAVE_Overlay.png)","Company Secretary (Agi Greenpac Ltd)","Company Secretary & Compliance Officer","agi@agi-glaspac.com","General Contact Email","Managing Director / CEO","agi@agi-glaspac.com"
"66","Unassigned","Hindustan Zinc Ltd","https://hzlindia.com","Yes","Yes","Yes","5.8 out of 10","","100","![WAVE Tool Screenshot](https://github.com/VEER-TANMAY-SACHIN/projects/blob/main/orchavate_gtm_workflow/outputs/projects/Hindustan_Zinc_Ltd/screenshots/Hindustan_Zinc_Ltd_Homepage_WAVE_Overlay.png)","Company Secretary (Hindustan Zinc Ltd)","Company Secretary & Compliance Officer","info@hzlindia.com","General Contact Email (Guessed Pattern)","Managing Director / CEO","info@hzlindia.com"
"67","Unassigned","HMT Ltd","https://hmtvlive.com","Yes","No","No","7.8 out of 10","","","![WAVE Tool Screenshot](https://github.com/VEER-TANMAY-SACHIN/projects/blob/main/orchavate_gtm_workflow/outputs/projects/HMT_Ltd/screenshots/HMT_Ltd_Homepage_WAVE_Overlay.png)","Company Secretary (HMT Ltd)","Company Secretary & Compliance Officer","Not publicly disclosed","N/A","Managing Director / CEO","Not publicly disclosed"
"68","Unassigned","Prag Bosimi Synthetics Ltd","https://pragbosimi.com","Yes","Yes","Yes","6.3 out of 10","","100","![WAVE Tool Screenshot](https://github.com/VEER-TANMAY-SACHIN/projects/blob/main/orchavate_gtm_workflow/outputs/projects/Prag_Bosimi_Synthetics_Ltd/screenshots/Prag_Bosimi_Synthetics_Ltd_Homepage_WAVE_Overlay.png)","Company Secretary (Prag Bosimi Synthetics Ltd)","Company Secretary & Compliance Officer","info@pragbosimi.com","General Contact Email (Guessed Pattern)","Managing Director / CEO","info@pragbosimi.com"
"69","Unassigned","HLV Ltd","https://hlv.de","Yes","Yes","Yes","1 out of 10","105","30","![WAVE Tool Screenshot](https://github.com/VEER-TANMAY-SACHIN/projects/blob/main/orchavate_gtm_workflow/outputs/projects/HLV_Ltd/screenshots/HLV_Ltd_Homepage_WAVE_Overlay.png)","Company Secretary (HLV Ltd)","Company Secretary & Compliance Officer","info@hlv.de","General Contact Email","Managing Director / CEO","info@hlv.de"
"70","Unassigned","IG Petrochemicals Ltd","https://igpetro.com","Yes","Yes","Yes","6.3 out of 10","","100","![WAVE Tool Screenshot](https://github.com/VEER-TANMAY-SACHIN/projects/blob/main/orchavate_gtm_workflow/outputs/projects/IG_Petrochemicals_Ltd/screenshots/IG_Petrochemicals_Ltd_Homepage_WAVE_Overlay.png)","Company Secretary (IG Petrochemicals Ltd)","Company Secretary & Compliance Officer","info@igpetro.com","General Contact Email (Guessed Pattern)","Managing Director / CEO","info@igpetro.com"
"71","Unassigned","India Glycols Ltd","https://indiaglycols.com","Yes","Yes","Yes","1 out of 10","30","30","![WAVE Tool Screenshot](https://github.com/VEER-TANMAY-SACHIN/projects/blob/main/orchavate_gtm_workflow/outputs/projects/India_Glycols_Ltd/screenshots/India_Glycols_Ltd_Homepage_WAVE_Overlay.png)","Company Secretary (India Glycols Ltd)","Company Secretary & Compliance Officer","info@indiaglycols.com","General Contact Email (Guessed Pattern)","Managing Director / CEO","info@indiaglycols.com"
"72","Unassigned","Margo Finance Ltd","https://margotelena.com","Yes","Yes","Yes","4.3 out of 10","8","68","![WAVE Tool Screenshot](https://github.com/VEER-TANMAY-SACHIN/projects/blob/main/orchavate_gtm_workflow/outputs/projects/Margo_Finance_Ltd/screenshots/Margo_Finance_Ltd_Homepage_WAVE_Overlay.png)","Company Secretary (Margo Finance Ltd)","Company Secretary & Compliance Officer","hello@margotelena.com","General Contact Email","Managing Director / CEO","hello@margotelena.com"
"73","Unassigned","Infosys Ltd","https://infosys.com","Yes","No","No","6.3 out of 10","","","![WAVE Tool Screenshot](https://github.com/VEER-TANMAY-SACHIN/projects/blob/main/orchavate_gtm_workflow/outputs/projects/Infosys_Ltd/screenshots/Infosys_Ltd_Homepage_WAVE_Overlay.png)","Company Secretary (Infosys Ltd)","Company Secretary & Compliance Officer","Not publicly disclosed","N/A","Managing Director / CEO","Not publicly disclosed"
"74","Unassigned","Ingersoll-Rand (India) Ltd","https://ingersollrand.com","Yes","No","No","7.8 out of 10","","","![WAVE Tool Screenshot](https://github.com/VEER-TANMAY-SACHIN/projects/blob/main/orchavate_gtm_workflow/outputs/projects/Ingersoll_Rand__India__Ltd/screenshots/Ingersoll_Rand__India__Ltd_Homepage_WAVE_Overlay.png)","Company Secretary (Ingersoll-Rand (India) Ltd)","Company Secretary & Compliance Officer","Not publicly disclosed","N/A","Managing Director / CEO","Not publicly disclosed"
"75","Unassigned","International Travel House Ltd","https://internationaltravelhouse.in","Yes","Yes","Yes","6.3 out of 10","","100","![WAVE Tool Screenshot](https://github.com/VEER-TANMAY-SACHIN/projects/blob/main/orchavate_gtm_workflow/outputs/projects/International_Travel_House_Ltd/screenshots/International_Travel_House_Ltd_Homepage_WAVE_Overlay.png)","Company Secretary (International Travel House Ltd)","Company Secretary & Compliance Officer","info@internationaltravelhouse.in","General Contact Email (Guessed Pattern)","Managing Director / CEO","info@internationaltravelhouse.in"
"76","Unassigned","Ion Exchange India Ltd","https://ionexchangeglobal.com","Yes","Yes","Yes","7 out of 10","","100","![WAVE Tool Screenshot](https://github.com/VEER-TANMAY-SACHIN/projects/blob/main/orchavate_gtm_workflow/outputs/projects/Ion_Exchange_India_Ltd/screenshots/Ion_Exchange_India_Ltd_Homepage_WAVE_Overlay.png)","Company Secretary (Ion Exchange India Ltd)","Company Secretary & Compliance Officer","info@ionexchangeglobal.com","General Contact Email (Guessed Pattern)","Managing Director / CEO","info@ionexchangeglobal.com"
"77","Unassigned","Jain Irrigation Systems Ltd","https://jains.com","Yes","Yes","Yes","7 out of 10","","100","![WAVE Tool Screenshot](https://github.com/VEER-TANMAY-SACHIN/projects/blob/main/orchavate_gtm_workflow/outputs/projects/Jain_Irrigation_Systems_Ltd/screenshots/Jain_Irrigation_Systems_Ltd_Homepage_WAVE_Overlay.png)","Company Secretary (Jain Irrigation Systems Ltd)","Company Secretary & Compliance Officer","info@jains.com","General Contact Email (Guessed Pattern)","Managing Director / CEO","info@jains.com"
"78","Unassigned","Jasch Industries Ltd","https://9jaschoolnews.com.ng","Yes","Yes","Yes","6.3 out of 10","","100","![WAVE Tool Screenshot](https://github.com/VEER-TANMAY-SACHIN/projects/blob/main/orchavate_gtm_workflow/outputs/projects/Jasch_Industries_Ltd/screenshots/Jasch_Industries_Ltd_Homepage_WAVE_Overlay.png)","Company Secretary (Jasch Industries Ltd)","Company Secretary & Compliance Officer","info@9jaschoolnews.com.ng","General Contact Email (Guessed Pattern)","Managing Director / CEO","info@9jaschoolnews.com.ng"
"79","Unassigned","Jindal Poly Films Ltd","https://jindalpoly.com","Yes","Yes","Yes","7.8 out of 10","3","88","![WAVE Tool Screenshot](https://github.com/VEER-TANMAY-SACHIN/projects/blob/main/orchavate_gtm_workflow/outputs/projects/Jindal_Poly_Films_Ltd/screenshots/Jindal_Poly_Films_Ltd_Homepage_WAVE_Overlay.png)","Company Secretary (Jindal Poly Films Ltd)","Company Secretary & Compliance Officer","info@jindalpoly.com","General Contact Email (Guessed Pattern)","Managing Director / CEO","info@jindalpoly.com"
"80","Unassigned","JSW Steel Ltd","https://jswsteel.in","Yes","Yes","Yes","2.8 out of 10","10","60","![WAVE Tool Screenshot](https://github.com/VEER-TANMAY-SACHIN/projects/blob/main/orchavate_gtm_workflow/outputs/projects/JSW_Steel_Ltd/screenshots/JSW_Steel_Ltd_Homepage_WAVE_Overlay.png)","Company Secretary (JSW Steel Ltd)","Company Secretary & Compliance Officer","info@jswsteel.in","General Contact Email (Guessed Pattern)","Managing Director / CEO","info@jswsteel.in"
"81","Unassigned","Kajaria Ceramics Ltd","https://kajariaceramics.com","Yes","No","No","8.5 out of 10","","","![WAVE Tool Screenshot](https://github.com/VEER-TANMAY-SACHIN/projects/blob/main/orchavate_gtm_workflow/outputs/projects/Kajaria_Ceramics_Ltd/screenshots/Kajaria_Ceramics_Ltd_Homepage_WAVE_Overlay.png)","Company Secretary (Kajaria Ceramics Ltd)","Company Secretary & Compliance Officer","Not publicly disclosed","N/A","Managing Director / CEO","Not publicly disclosed"
"82","Unassigned","Kakatiya Cement Sugar & Industries Ltd","https://kakatiyacements.com","Yes","Yes","Yes","5.8 out of 10","","100","![WAVE Tool Screenshot](https://github.com/VEER-TANMAY-SACHIN/projects/blob/main/orchavate_gtm_workflow/outputs/projects/Kakatiya_Cement_Sugar___Industries_Ltd/screenshots/Kakatiya_Cement_Sugar___Industries_Ltd_Homepage_WAVE_Overlay.png)","Company Secretary (Kakatiya Cement Sugar & Industries Ltd)","Company Secretary & Compliance Officer","info@kakatiyacements.com","General Contact Email (Guessed Pattern)","Managing Director / CEO","info@kakatiyacements.com"
"83","Unassigned","Kanel Industries Ltd","https://kaneland.org","Yes","No","No","8.5 out of 10","","","![WAVE Tool Screenshot](https://github.com/VEER-TANMAY-SACHIN/projects/blob/main/orchavate_gtm_workflow/outputs/projects/Kanel_Industries_Ltd/screenshots/Kanel_Industries_Ltd_Homepage_WAVE_Overlay.png)","Company Secretary (Kanel Industries Ltd)","Company Secretary & Compliance Officer","Not publicly disclosed","N/A","Managing Director / CEO","Not publicly disclosed"
"84","Unassigned","KG Denim Ltd","https://kgdenim.com","Yes","Yes","Yes","8.5 out of 10","","100","![WAVE Tool Screenshot](https://github.com/VEER-TANMAY-SACHIN/projects/blob/main/orchavate_gtm_workflow/outputs/projects/KG_Denim_Ltd/screenshots/KG_Denim_Ltd_Homepage_WAVE_Overlay.png)","Company Secretary (KG Denim Ltd)","Company Secretary & Compliance Officer","info@kgdenim.com","General Contact Email (Guessed Pattern)","Managing Director / CEO","info@kgdenim.com"
"85","Unassigned","Kinetic Engineering Ltd","https://kineticengineering.com","Yes","Yes","Yes","8.5 out of 10","2","92","![WAVE Tool Screenshot](https://github.com/VEER-TANMAY-SACHIN/projects/blob/main/orchavate_gtm_workflow/outputs/projects/Kinetic_Engineering_Ltd/screenshots/Kinetic_Engineering_Ltd_Homepage_WAVE_Overlay.png)","Company Secretary (Kinetic Engineering Ltd)","Company Secretary & Compliance Officer","info@kineticengineering.com","General Contact Email (Guessed Pattern)","Managing Director / CEO","info@kineticengineering.com"
"86","Unassigned","Kirloskar Brothers Ltd","https://kirloskarpumps.com","Yes","Yes","Yes","7 out of 10","","100","![WAVE Tool Screenshot](https://github.com/VEER-TANMAY-SACHIN/projects/blob/main/orchavate_gtm_workflow/outputs/projects/Kirloskar_Brothers_Ltd/screenshots/Kirloskar_Brothers_Ltd_Homepage_WAVE_Overlay.png)","Company Secretary (Kirloskar Brothers Ltd)","Company Secretary & Compliance Officer","info@kirloskarpumps.com","General Contact Email (Guessed Pattern)","Managing Director / CEO","info@kirloskarpumps.com"
"87","Unassigned","Kirloskar Industries Ltd","https://kirloskarpumps.com","Yes","Yes","Yes","5.8 out of 10","","100","![WAVE Tool Screenshot](https://github.com/VEER-TANMAY-SACHIN/projects/blob/main/orchavate_gtm_workflow/outputs/projects/Kirloskar_Industries_Ltd/screenshots/Kirloskar_Industries_Ltd_Homepage_WAVE_Overlay.png)","Company Secretary (Kirloskar Industries Ltd)","Company Secretary & Compliance Officer","info@kirloskarpumps.com","General Contact Email (Guessed Pattern)","Managing Director / CEO","info@kirloskarpumps.com"
"88","Unassigned","Kirloskar Ferrous Industries Ltd","https://kirloskarferrous.com","Yes","Yes","Yes","1 out of 10","27","30","![WAVE Tool Screenshot](https://github.com/VEER-TANMAY-SACHIN/projects/blob/main/orchavate_gtm_workflow/outputs/projects/Kirloskar_Ferrous_Industries_Ltd/screenshots/Kirloskar_Ferrous_Industries_Ltd_Homepage_WAVE_Overlay.png)","Company Secretary (Kirloskar Ferrous Industries Ltd)","Company Secretary & Compliance Officer","info@kirloskarferrous.com","General Contact Email (Guessed Pattern)","Managing Director / CEO","info@kirloskarferrous.com"
"89","Unassigned","Kotak Mahindra Bank Ltd","https://kotak.com","Yes","No","No","6.3 out of 10","","","![WAVE Tool Screenshot](https://github.com/VEER-TANMAY-SACHIN/projects/blob/main/orchavate_gtm_workflow/outputs/projects/Kotak_Mahindra_Bank_Ltd/screenshots/Kotak_Mahindra_Bank_Ltd_Homepage_WAVE_Overlay.png)","Company Secretary (Kotak Mahindra Bank Ltd)","Company Secretary & Compliance Officer","Not publicly disclosed","N/A","Managing Director / CEO","Not publicly disclosed"
"90","Unassigned","KSB Ltd","https://ksbw.com","Yes","Yes","Yes","6.3 out of 10","5","80","![WAVE Tool Screenshot](https://github.com/VEER-TANMAY-SACHIN/projects/blob/main/orchavate_gtm_workflow/outputs/projects/KSB_Ltd/screenshots/KSB_Ltd_Homepage_WAVE_Overlay.png)","Company Secretary (KSB Ltd)","Company Secretary & Compliance Officer","Jackie.DeFusco@hearst.com","General Contact Email","Managing Director / CEO","Jackie.DeFusco@hearst.com"
"91","Unassigned","LMW Ltd","https://lebensmittelwarnung.de","Yes","Yes","Yes","7.8 out of 10","","100","![WAVE Tool Screenshot](https://github.com/VEER-TANMAY-SACHIN/projects/blob/main/orchavate_gtm_workflow/outputs/projects/LMW_Ltd/screenshots/LMW_Ltd_Homepage_WAVE_Overlay.png)","Company Secretary (LMW Ltd)","Company Secretary & Compliance Officer","a@b.de","General Contact Email","Managing Director / CEO","a@b.de"
"92","Unassigned","LIC Housing Finance Ltd","https://lichousing.com","Yes","Yes","Yes","1 out of 10","28","30","![WAVE Tool Screenshot](https://github.com/VEER-TANMAY-SACHIN/projects/blob/main/orchavate_gtm_workflow/outputs/projects/LIC_Housing_Finance_Ltd/screenshots/LIC_Housing_Finance_Ltd_Homepage_WAVE_Overlay.png)","Company Secretary (LIC Housing Finance Ltd)","Company Secretary & Compliance Officer","customersupport@lichousing.com","General Contact Email","Managing Director / CEO","customersupport@lichousing.com"
"93","Unassigned","Lupin Ltd","https://lupinepet.com","Yes","Yes","Yes","8.5 out of 10","2","92","![WAVE Tool Screenshot](https://github.com/VEER-TANMAY-SACHIN/projects/blob/main/orchavate_gtm_workflow/outputs/projects/Lupin_Ltd/screenshots/Lupin_Ltd_Homepage_WAVE_Overlay.png)","Company Secretary (Lupin Ltd)","Company Secretary & Compliance Officer","email@example.com","General Contact Email","Managing Director / CEO","email@example.com"
"94","Unassigned","Lyka Labs Ltd","https://lykalabs.com","Yes","Yes","Yes","1 out of 10","16","36","![WAVE Tool Screenshot](https://github.com/VEER-TANMAY-SACHIN/projects/blob/main/orchavate_gtm_workflow/outputs/projects/Lyka_Labs_Ltd/screenshots/Lyka_Labs_Ltd_Homepage_WAVE_Overlay.png)","Company Secretary (Lyka Labs Ltd)","Company Secretary & Compliance Officer","enquiry@lykalabs.com","General Contact Email","Managing Director / CEO","enquiry@lykalabs.com"
"95","Unassigned","The Ramco Cements Ltd","https://ramcocements.in","Yes","No","No","8.5 out of 10","","","![WAVE Tool Screenshot](https://github.com/VEER-TANMAY-SACHIN/projects/blob/main/orchavate_gtm_workflow/outputs/projects/The_Ramco_Cements_Ltd/screenshots/The_Ramco_Cements_Ltd_Homepage_WAVE_Overlay.png)","Company Secretary (The Ramco Cements Ltd)","Company Secretary & Compliance Officer","Not publicly disclosed","N/A","Managing Director / CEO","Not publicly disclosed"
"96","Unassigned","Hybrid Financial Services Ltd","https://hybridfinance.co.in","Yes","Yes","Yes","8.5 out of 10","","100","![WAVE Tool Screenshot](https://github.com/VEER-TANMAY-SACHIN/projects/blob/main/orchavate_gtm_workflow/outputs/projects/Hybrid_Financial_Services_Ltd/screenshots/Hybrid_Financial_Services_Ltd_Homepage_WAVE_Overlay.png)","Company Secretary (Hybrid Financial Services Ltd)","Company Secretary & Compliance Officer","investor@hybridfinance.co.in","Investor Grievance / Compliance Officer Email","Managing Director / CEO","investor@hybridfinance.co.in"
"97","Unassigned","Mafatlal Industries Ltd","https://mafatlals.com","Yes","Yes","Yes","5 out of 10","7","72","![WAVE Tool Screenshot](https://github.com/VEER-TANMAY-SACHIN/projects/blob/main/orchavate_gtm_workflow/outputs/projects/Mafatlal_Industries_Ltd/screenshots/Mafatlal_Industries_Ltd_Homepage_WAVE_Overlay.png)","Company Secretary (Mafatlal Industries Ltd)","Company Secretary & Compliance Officer","info@mafatlals.com","General Contact Email (Guessed Pattern)","Managing Director / CEO","info@mafatlals.com"
"98","Unassigned","Maharashtra Scooters Ltd","https://mahascooters.com","Yes","No","No","5.8 out of 10","","","![WAVE Tool Screenshot](https://github.com/VEER-TANMAY-SACHIN/projects/blob/main/orchavate_gtm_workflow/outputs/projects/Maharashtra_Scooters_Ltd/screenshots/Maharashtra_Scooters_Ltd_Homepage_WAVE_Overlay.png)","Company Secretary (Maharashtra Scooters Ltd)","Company Secretary & Compliance Officer","Not publicly disclosed","N/A","Managing Director / CEO","Not publicly disclosed"
"99","Unassigned","Majestic Auto Ltd","https://majesticautos.com","Yes","No","No","5.8 out of 10","","","![WAVE Tool Screenshot](https://github.com/VEER-TANMAY-SACHIN/projects/blob/main/orchavate_gtm_workflow/outputs/projects/Majestic_Auto_Ltd/screenshots/Majestic_Auto_Ltd_Homepage_WAVE_Overlay.png)","Company Secretary (Majestic Auto Ltd)","Company Secretary & Compliance Officer","Not publicly disclosed","N/A","Managing Director / CEO","Not publicly disclosed"
"100","Unassigned","Manali Petrochemicals Ltd","https://manalipetro.com","Yes","Yes","Yes","2.8 out of 10","10","60","![WAVE Tool Screenshot](https://github.com/VEER-TANMAY-SACHIN/projects/blob/main/orchavate_gtm_workflow/outputs/projects/Manali_Petrochemicals_Ltd/screenshots/Manali_Petrochemicals_Ltd_Homepage_WAVE_Overlay.png)","Company Secretary (Manali Petrochemicals Ltd)","Company Secretary & Compliance Officer","companysecretary@manalipetro.com","General Contact Email","Managing Director / CEO","companysecretary@manalipetro.com"
"101","Unassigned","Max Financial Services Ltd","https://maxfinancialservices.com","Yes","No","No","7.8 out of 10","","","![WAVE Tool Screenshot](https://github.com/VEER-TANMAY-SACHIN/projects/blob/main/orchavate_gtm_workflow/outputs/projects/Max_Financial_Services_Ltd/screenshots/Max_Financial_Services_Ltd_Homepage_WAVE_Overlay.png)","Company Secretary (Max Financial Services Ltd)","Company Secretary & Compliance Officer","Not publicly disclosed","N/A","Managing Director / CEO","Not publicly disclosed"
"102","Unassigned","Mid India Industries Ltd","https://midindia.com","Yes","Yes","Yes","8.5 out of 10","2","92","![WAVE Tool Screenshot](https://github.com/VEER-TANMAY-SACHIN/projects/blob/main/orchavate_gtm_workflow/outputs/projects/Mid_India_Industries_Ltd/screenshots/Mid_India_Industries_Ltd_Homepage_WAVE_Overlay.png)","Company Secretary (Mid India Industries Ltd)","Company Secretary & Compliance Officer","email@example.com","General Contact Email","Managing Director / CEO","email@example.com"
"103","Unassigned","Century Enka Ltd","https://centuryenka.com","Yes","No","No","6.3 out of 10","","","![WAVE Tool Screenshot](https://github.com/VEER-TANMAY-SACHIN/projects/blob/main/orchavate_gtm_workflow/outputs/projects/Century_Enka_Ltd/screenshots/Century_Enka_Ltd_Homepage_WAVE_Overlay.png)","Company Secretary (Century Enka Ltd)","Company Secretary & Compliance Officer","Not publicly disclosed","N/A","Managing Director / CEO","Not publicly disclosed"
"104","Unassigned","Lords Chloro Alkali Ltd","https://lordschloro.com","Yes","Yes","Yes","8.5 out of 10","2","92","![WAVE Tool Screenshot](https://github.com/VEER-TANMAY-SACHIN/projects/blob/main/orchavate_gtm_workflow/outputs/projects/Lords_Chloro_Alkali_Ltd/screenshots/Lords_Chloro_Alkali_Ltd_Homepage_WAVE_Overlay.png)","Company Secretary (Lords Chloro Alkali Ltd)","Company Secretary & Compliance Officer","info@lordschloro.com","General Contact Email","Managing Director / CEO","info@lordschloro.com"
"105","Unassigned","Spicejet Ltd","https://spicejet.com","Yes","No","No","7 out of 10","","","![WAVE Tool Screenshot](https://github.com/VEER-TANMAY-SACHIN/projects/blob/main/orchavate_gtm_workflow/outputs/projects/Spicejet_Ltd/screenshots/Spicejet_Ltd_Homepage_WAVE_Overlay.png)","Company Secretary (Spicejet Ltd)","Company Secretary & Compliance Officer","Not publicly disclosed","N/A","Managing Director / CEO","Not publicly disclosed"
"106","Unassigned","MRF Ltd","https://mrfood.com","Yes","Yes","Yes","9.1 out of 10","1","96","![WAVE Tool Screenshot](https://github.com/VEER-TANMAY-SACHIN/projects/blob/main/orchavate_gtm_workflow/outputs/projects/MRF_Ltd/screenshots/MRF_Ltd_Homepage_WAVE_Overlay.png)","Company Secretary (MRF Ltd)","Company Secretary & Compliance Officer","info@mrfood.com","General Contact Email (Guessed Pattern)","Managing Director / CEO","info@mrfood.com"
"107","Unassigned","HeidelbergCement India Ltd","https://mycemco.com","Yes","Yes","Yes","7.8 out of 10","","100","![WAVE Tool Screenshot](https://github.com/VEER-TANMAY-SACHIN/projects/blob/main/orchavate_gtm_workflow/outputs/projects/HeidelbergCement_India_Ltd/screenshots/HeidelbergCement_India_Ltd_Homepage_WAVE_Overlay.png)","Company Secretary (HeidelbergCement India Ltd)","Company Secretary & Compliance Officer","info@mycemco.com","General Contact Email (Guessed Pattern)","Managing Director / CEO","info@mycemco.com"
"108","Unassigned","NCC Ltd","https://ncclimited.com","Yes","No","No","7 out of 10","","","![WAVE Tool Screenshot](https://github.com/VEER-TANMAY-SACHIN/projects/blob/main/orchavate_gtm_workflow/outputs/projects/NCC_Ltd/screenshots/NCC_Ltd_Homepage_WAVE_Overlay.png)","Company Secretary (NCC Ltd)","Company Secretary & Compliance Officer","Not publicly disclosed","N/A","Managing Director / CEO","Not publicly disclosed"
"109","Unassigned","Vedanta Ltd","https://vedantalimited.com","Yes","Yes","Yes","7.8 out of 10","","100","![WAVE Tool Screenshot](https://github.com/VEER-TANMAY-SACHIN/projects/blob/main/orchavate_gtm_workflow/outputs/projects/Vedanta_Ltd/screenshots/Vedanta_Ltd_Homepage_WAVE_Overlay.png)","Company Secretary (Vedanta Ltd)","Company Secretary & Compliance Officer","info@vedantalimited.com","General Contact Email (Guessed Pattern)","Managing Director / CEO","info@vedantalimited.com"
"110","Unassigned","Grasim Industries Ltd","https://grasim.com","Yes","Yes","Yes","7.8 out of 10","","100","![WAVE Tool Screenshot](https://github.com/VEER-TANMAY-SACHIN/projects/blob/main/orchavate_gtm_workflow/outputs/projects/Grasim_Industries_Ltd/screenshots/Grasim_Industries_Ltd_Homepage_WAVE_Overlay.png)","Company Secretary (Grasim Industries Ltd)","Company Secretary & Compliance Officer","info@grasim.com","General Contact Email (Guessed Pattern)","Managing Director / CEO","info@grasim.com"
"111","Unassigned","NIIT Ltd","https://niit.com","Yes","Yes","Yes","1 out of 10","33","30","![WAVE Tool Screenshot](https://github.com/VEER-TANMAY-SACHIN/projects/blob/main/orchavate_gtm_workflow/outputs/projects/NIIT_Ltd/screenshots/NIIT_Ltd_Homepage_WAVE_Overlay.png)","Company Secretary (NIIT Ltd)","Company Secretary & Compliance Officer","info@niit.com","General Contact Email (Guessed Pattern)","Managing Director / CEO","info@niit.com"
"112","Unassigned","Jaykay Enterprises Ltd","https://jaykaydowdall.com","Yes","No","No","6.3 out of 10","","","![WAVE Tool Screenshot](https://github.com/VEER-TANMAY-SACHIN/projects/blob/main/orchavate_gtm_workflow/outputs/projects/Jaykay_Enterprises_Ltd/screenshots/Jaykay_Enterprises_Ltd_Homepage_WAVE_Overlay.png)","Company Secretary (Jaykay Enterprises Ltd)","Company Secretary & Compliance Officer","Not publicly disclosed","N/A","Managing Director / CEO","Not publicly disclosed"
"113","Unassigned","Nirlon Ltd","https://nirlonkitchenware.com","Yes","Yes","Yes","6.3 out of 10","","100","![WAVE Tool Screenshot](https://github.com/VEER-TANMAY-SACHIN/projects/blob/main/orchavate_gtm_workflow/outputs/projects/Nirlon_Ltd/screenshots/Nirlon_Ltd_Homepage_WAVE_Overlay.png)","Company Secretary (Nirlon Ltd)","Company Secretary & Compliance Officer","info@nirlonkitchenware.com","General Contact Email (Guessed Pattern)","Managing Director / CEO","info@nirlonkitchenware.com"
"114","Unassigned","Oil and Natural Gas Corporation Ltd","https://ongcindia.com","Yes","Yes","Yes","7 out of 10","","100","![WAVE Tool Screenshot](https://github.com/VEER-TANMAY-SACHIN/projects/blob/main/orchavate_gtm_workflow/outputs/projects/Oil_and_Natural_Gas_Corporation_Ltd/screenshots/Oil_and_Natural_Gas_Corporation_Ltd_Homepage_WAVE_Overlay.png)","Company Secretary (Oil and Natural Gas Corporation Ltd)","Company Secretary & Compliance Officer","ongcdelhicc@ongc.co.in","Investor Grievance / Compliance Officer Email","Managing Director / CEO","ongcdelhicc@ongc.co.in"
"115","Unassigned","Oriental Hotels Ltd","https://oriental-hotels.com","Yes","Yes","Yes","1 out of 10","24","30","![WAVE Tool Screenshot](https://github.com/VEER-TANMAY-SACHIN/projects/blob/main/orchavate_gtm_workflow/outputs/projects/Oriental_Hotels_Ltd/screenshots/Oriental_Hotels_Ltd_Homepage_WAVE_Overlay.png)","Company Secretary (Oriental Hotels Ltd)","Company Secretary & Compliance Officer","info@oriental-hotels.com","General Contact Email (Guessed Pattern)","Managing Director / CEO","info@oriental-hotels.com"
"116","Unassigned","Oswal Agro Mills Ltd","https://oswalagromills.com","Yes","Yes","Yes","8.5 out of 10","2","92","![WAVE Tool Screenshot](https://github.com/VEER-TANMAY-SACHIN/projects/blob/main/orchavate_gtm_workflow/outputs/projects/Oswal_Agro_Mills_Ltd/screenshots/Oswal_Agro_Mills_Ltd_Homepage_WAVE_Overlay.png)","Company Secretary (Oswal Agro Mills Ltd)","Company Secretary & Compliance Officer","oswal@oswalagromills.com","General Contact Email","Managing Director / CEO","oswal@oswalagromills.com"
"117","Unassigned","Panyam Cements & Mineral Industries Ltd","https://panyamcements.com","Yes","Yes","Yes","1 out of 10","17","32","![WAVE Tool Screenshot](https://github.com/VEER-TANMAY-SACHIN/projects/blob/main/orchavate_gtm_workflow/outputs/projects/Panyam_Cements___Mineral_Industries_Ltd/screenshots/Panyam_Cements___Mineral_Industries_Ltd_Homepage_WAVE_Overlay.png)","Company Secretary (Panyam Cements & Mineral Industries Ltd)","Company Secretary & Compliance Officer","you@email.com","General Contact Email","Managing Director / CEO","you@email.com"
"118","Unassigned","Reliance Industries Ltd","https://reliancedigital.in","Yes","No","No","8.5 out of 10","","","![WAVE Tool Screenshot](https://github.com/VEER-TANMAY-SACHIN/projects/blob/main/orchavate_gtm_workflow/outputs/projects/Reliance_Industries_Ltd/screenshots/Reliance_Industries_Ltd_Homepage_WAVE_Overlay.png)","Company Secretary (Reliance Industries Ltd)","Company Secretary & Compliance Officer","Not publicly disclosed","N/A","Managing Director / CEO","Not publicly disclosed"
"119","Unassigned","Raymond Ltd","https://raymond.in","Yes","Yes","Yes","9.1 out of 10","1","96","![WAVE Tool Screenshot](https://github.com/VEER-TANMAY-SACHIN/projects/blob/main/orchavate_gtm_workflow/outputs/projects/Raymond_Ltd/screenshots/Raymond_Ltd_Homepage_WAVE_Overlay.png)","Company Secretary (Raymond Ltd)","Company Secretary & Compliance Officer","info@raymond.in","General Contact Email (Guessed Pattern)","Managing Director / CEO","info@raymond.in"
"120","Unassigned","Pidilite Industries Ltd","https://pidilite.com","Yes","Yes","Yes","9.1 out of 10","1","96","![WAVE Tool Screenshot](https://github.com/VEER-TANMAY-SACHIN/projects/blob/main/orchavate_gtm_workflow/outputs/projects/Pidilite_Industries_Ltd/screenshots/Pidilite_Industries_Ltd_Homepage_WAVE_Overlay.png)","Company Secretary (Pidilite Industries Ltd)","Company Secretary & Compliance Officer","info@pidilite.com","General Contact Email (Guessed Pattern)","Managing Director / CEO","info@pidilite.com"
"121","Unassigned","Pix Transmissions Ltd","https://pixtrans.com","Yes","Yes","Yes","7 out of 10","","100","![WAVE Tool Screenshot](https://github.com/VEER-TANMAY-SACHIN/projects/blob/main/orchavate_gtm_workflow/outputs/projects/Pix_Transmissions_Ltd/screenshots/Pix_Transmissions_Ltd_Homepage_WAVE_Overlay.png)","Company Secretary (Pix Transmissions Ltd)","Company Secretary & Compliance Officer","info@pixtrans.com","General Contact Email","Managing Director / CEO","info@pixtrans.com"
"122","Unassigned","Birla Corporation Ltd","https://birlasoft.com","Yes","No","No","5.8 out of 10","","","![WAVE Tool Screenshot](https://github.com/VEER-TANMAY-SACHIN/projects/blob/main/orchavate_gtm_workflow/outputs/projects/Birla_Corporation_Ltd/screenshots/Birla_Corporation_Ltd_Homepage_WAVE_Overlay.png)","Company Secretary (Birla Corporation Ltd)","Company Secretary & Compliance Officer","Not publicly disclosed","N/A","Managing Director / CEO","Not publicly disclosed"
"123","Unassigned","Surya Roshni Ltd","https://surya.co.in","Yes","Yes","Yes","5.8 out of 10","","100","![WAVE Tool Screenshot](https://github.com/VEER-TANMAY-SACHIN/projects/blob/main/orchavate_gtm_workflow/outputs/projects/Surya_Roshni_Ltd/screenshots/Surya_Roshni_Ltd_Homepage_WAVE_Overlay.png)","Company Secretary (Surya Roshni Ltd)","Company Secretary & Compliance Officer","consumercare@surya.in","General Contact Email","Managing Director / CEO","consumercare@surya.in"
"124","Unassigned","Prime Securities Ltd","https://primesec.com","Yes","Yes","Yes","2.3 out of 10","11","56","![WAVE Tool Screenshot](https://github.com/VEER-TANMAY-SACHIN/projects/blob/main/orchavate_gtm_workflow/outputs/projects/Prime_Securities_Ltd/screenshots/Prime_Securities_Ltd_Homepage_WAVE_Overlay.png)","Company Secretary (Prime Securities Ltd)","Company Secretary & Compliance Officer","prime@primesec.com","Investor Grievance / Compliance Officer Email","Managing Director / CEO","prime@primesec.com"
"125","Unassigned","Prism Johnson Ltd","https://prismjohnson.in","Yes","Yes","Yes","3.6 out of 10","9","64","![WAVE Tool Screenshot](https://github.com/VEER-TANMAY-SACHIN/projects/blob/main/orchavate_gtm_workflow/outputs/projects/Prism_Johnson_Ltd/screenshots/Prism_Johnson_Ltd_Homepage_WAVE_Overlay.png)","Company Secretary (Prism Johnson Ltd)","Company Secretary & Compliance Officer","info@prismjohnson.in","General Contact Email (Guessed Pattern)","Managing Director / CEO","info@prismjohnson.in"
"126","Unassigned","Rain Industries Ltd","https://rainbowshops.com","Yes","Yes","Yes","1 out of 10","42","30","![WAVE Tool Screenshot](https://github.com/VEER-TANMAY-SACHIN/projects/blob/main/orchavate_gtm_workflow/outputs/projects/Rain_Industries_Ltd/screenshots/Rain_Industries_Ltd_Homepage_WAVE_Overlay.png)","Company Secretary (Rain Industries Ltd)","Company Secretary & Compliance Officer","customerservice@rainbowshops.com","General Contact Email","Managing Director / CEO","customerservice@rainbowshops.com"
"127","Unassigned","AMJ Land Holdings Ltd","https://amjlandscaping.com","Yes","Yes","Yes","1 out of 10","41","30","![WAVE Tool Screenshot](https://github.com/VEER-TANMAY-SACHIN/projects/blob/main/orchavate_gtm_workflow/outputs/projects/AMJ_Land_Holdings_Ltd/screenshots/AMJ_Land_Holdings_Ltd_Homepage_WAVE_Overlay.png)","Company Secretary (AMJ Land Holdings Ltd)","Company Secretary & Compliance Officer","In%66%6F@amjl%61ndsc%61p%69ng.c%6Fm","General Contact Email","Managing Director / CEO","In%66%6F@amjl%61ndsc%61p%69ng.c%6Fm"
"128","Unassigned","Punjab Communications Ltd","https://puncom.com","Yes","Yes","Yes","1 out of 10","20","30","![WAVE Tool Screenshot](https://github.com/VEER-TANMAY-SACHIN/projects/blob/main/orchavate_gtm_workflow/outputs/projects/Punjab_Communications_Ltd/screenshots/Punjab_Communications_Ltd_Homepage_WAVE_Overlay.png)","Company Secretary (Punjab Communications Ltd)","Company Secretary & Compliance Officer","%20hrd@puncom.com","General Contact Email","Managing Director / CEO","%20hrd@puncom.com"
"129","Unassigned","RSWM Ltd","https://rswm.in","Yes","No","No","7.8 out of 10","","","![WAVE Tool Screenshot](https://github.com/VEER-TANMAY-SACHIN/projects/blob/main/orchavate_gtm_workflow/outputs/projects/RSWM_Ltd/screenshots/RSWM_Ltd_Homepage_WAVE_Overlay.png)","Company Secretary (RSWM Ltd)","Company Secretary & Compliance Officer","Not publicly disclosed","N/A","Managing Director / CEO","Not publicly disclosed"
"130","Unassigned","Rajshree Sugars & Chemicals Ltd","https://rajshreesugars.com","Yes","No","No","8.5 out of 10","","","![WAVE Tool Screenshot](https://github.com/VEER-TANMAY-SACHIN/projects/blob/main/orchavate_gtm_workflow/outputs/projects/Rajshree_Sugars___Chemicals_Ltd/screenshots/Rajshree_Sugars___Chemicals_Ltd_Homepage_WAVE_Overlay.png)","Company Secretary (Rajshree Sugars & Chemicals Ltd)","Company Secretary & Compliance Officer","Not publicly disclosed","N/A","Managing Director / CEO","Not publicly disclosed"
"131","Unassigned","Rallis India Ltd","https://rallis.com","Yes","No","No","5.8 out of 10","","","![WAVE Tool Screenshot](https://github.com/VEER-TANMAY-SACHIN/projects/blob/main/orchavate_gtm_workflow/outputs/projects/Rallis_India_Ltd/screenshots/Rallis_India_Ltd_Homepage_WAVE_Overlay.png)","Company Secretary (Rallis India Ltd)","Company Secretary & Compliance Officer","Not publicly disclosed","N/A","Managing Director / CEO","Not publicly disclosed"
"132","Unassigned","Shree Rama Newsprint Ltd","https://ramanewsprint.com","Yes","Yes","Yes","1 out of 10","38","30","![WAVE Tool Screenshot](https://github.com/VEER-TANMAY-SACHIN/projects/blob/main/orchavate_gtm_workflow/outputs/projects/Shree_Rama_Newsprint_Ltd/screenshots/Shree_Rama_Newsprint_Ltd_Homepage_WAVE_Overlay.png)","Company Secretary (Shree Rama Newsprint Ltd)","Company Secretary & Compliance Officer","marketing@ramanewsprint.com","Investor Grievance / Compliance Officer Email","Managing Director / CEO","grievances@ramanewsprint.com"
"133","Unassigned","Rama Paper Mills Ltd","https://ramapaper.com","Yes","No","No","7 out of 10","","","![WAVE Tool Screenshot](https://github.com/VEER-TANMAY-SACHIN/projects/blob/main/orchavate_gtm_workflow/outputs/projects/Rama_Paper_Mills_Ltd/screenshots/Rama_Paper_Mills_Ltd_Homepage_WAVE_Overlay.png)","Company Secretary (Rama Paper Mills Ltd)","Company Secretary & Compliance Officer","Not publicly disclosed","N/A","Managing Director / CEO","Not publicly disclosed"
"134","Unassigned","Rapicut Carbides Ltd","https://rapicutcarbides.com","Yes","Yes","Yes","1 out of 10","14","44","![WAVE Tool Screenshot](https://github.com/VEER-TANMAY-SACHIN/projects/blob/main/orchavate_gtm_workflow/outputs/projects/Rapicut_Carbides_Ltd/screenshots/Rapicut_Carbides_Ltd_Homepage_WAVE_Overlay.png)","Company Secretary (Rapicut Carbides Ltd)","Company Secretary & Compliance Officer","sales@rapicutcarbides.com","Investor Grievance / Compliance Officer Email","Managing Director / CEO","investors@rapicutcarbides.com"
"135","Unassigned","Rubfila International Ltd","https://rubfila.com","Yes","No","No","5.8 out of 10","","","![WAVE Tool Screenshot](https://github.com/VEER-TANMAY-SACHIN/projects/blob/main/orchavate_gtm_workflow/outputs/projects/Rubfila_International_Ltd/screenshots/Rubfila_International_Ltd_Homepage_WAVE_Overlay.png)","Company Secretary (Rubfila International Ltd)","Company Secretary & Compliance Officer","Not publicly disclosed","N/A","Managing Director / CEO","Not publicly disclosed"
"136","Unassigned","Patanjali Foods Ltd","https://patanjalifoods.com","Yes","No","No","5.8 out of 10","","","![WAVE Tool Screenshot](https://github.com/VEER-TANMAY-SACHIN/projects/blob/main/orchavate_gtm_workflow/outputs/projects/Patanjali_Foods_Ltd/screenshots/Patanjali_Foods_Ltd_Homepage_WAVE_Overlay.png)","Company Secretary (Patanjali Foods Ltd)","Company Secretary & Compliance Officer","Not publicly disclosed","N/A","Managing Director / CEO","Not publicly disclosed"
"137","Unassigned","Salora International Ltd","https://salora.com","Yes","No","No","7.8 out of 10","","","![WAVE Tool Screenshot](https://github.com/VEER-TANMAY-SACHIN/projects/blob/main/orchavate_gtm_workflow/outputs/projects/Salora_International_Ltd/screenshots/Salora_International_Ltd_Homepage_WAVE_Overlay.png)","Company Secretary (Salora International Ltd)","Company Secretary & Compliance Officer","Not publicly disclosed","N/A","Managing Director / CEO","Not publicly disclosed"
"138","Unassigned","Samtel India Ltd","https://samtel.co","Yes","Yes","Yes","6.3 out of 10","5","80","![WAVE Tool Screenshot](https://github.com/VEER-TANMAY-SACHIN/projects/blob/main/orchavate_gtm_workflow/outputs/projects/Samtel_India_Ltd/screenshots/Samtel_India_Ltd_Homepage_WAVE_Overlay.png)","Company Secretary (Samtel India Ltd)","Company Secretary & Compliance Officer","contacto@digitalprof-it.com","General Contact Email","Managing Director / CEO","contacto@digitalprof-it.com"
"139","Unassigned","Jindal Saw Ltd","https://jindalsaw.com","Yes","No","No","7.8 out of 10","","","![WAVE Tool Screenshot](https://github.com/VEER-TANMAY-SACHIN/projects/blob/main/orchavate_gtm_workflow/outputs/projects/Jindal_Saw_Ltd/screenshots/Jindal_Saw_Ltd_Homepage_WAVE_Overlay.png)","Company Secretary (Jindal Saw Ltd)","Company Secretary & Compliance Officer","Not publicly disclosed","N/A","Managing Director / CEO","Not publicly disclosed"
"140","Unassigned","JK Lakshmi Cement Ltd","https://jklakshmicement.com","Yes","No","No","8.5 out of 10","","","![WAVE Tool Screenshot](https://github.com/VEER-TANMAY-SACHIN/projects/blob/main/orchavate_gtm_workflow/outputs/projects/JK_Lakshmi_Cement_Ltd/screenshots/JK_Lakshmi_Cement_Ltd_Homepage_WAVE_Overlay.png)","Company Secretary (JK Lakshmi Cement Ltd)","Company Secretary & Compliance Officer","Not publicly disclosed","N/A","Managing Director / CEO","Not publicly disclosed"
"141","Unassigned","Shree Cement Ltd","https://shreecementlimited.com","Yes","Yes","Yes","7.8 out of 10","","100","![WAVE Tool Screenshot](https://github.com/VEER-TANMAY-SACHIN/projects/blob/main/orchavate_gtm_workflow/outputs/projects/Shree_Cement_Ltd/screenshots/Shree_Cement_Ltd_Homepage_WAVE_Overlay.png)","Company Secretary (Shree Cement Ltd)","Company Secretary & Compliance Officer","info@shreecementlimited.com","General Contact Email (Guessed Pattern)","Managing Director / CEO","info@shreecementlimited.com"
"142","Unassigned","Shree Krishna Paper Mills & Industries Ltd","https://skpmil.com","Yes","Yes","Yes","7.8 out of 10","3","88","![WAVE Tool Screenshot](https://github.com/VEER-TANMAY-SACHIN/projects/blob/main/orchavate_gtm_workflow/outputs/projects/Shree_Krishna_Paper_Mills___Industries_Ltd/screenshots/Shree_Krishna_Paper_Mills___Industries_Ltd_Homepage_WAVE_Overlay.png)","Company Secretary (Shree Krishna Paper Mills & Industries Ltd)","Company Secretary & Compliance Officer","info@skpmil.com","Investor Grievance / Compliance Officer Email","Managing Director / CEO","info@skpmil.com"
"143","Unassigned","Reliance Infrastructure Ltd","https://rinfra.com","Yes","Yes","Yes","1 out of 10","18","30","![WAVE Tool Screenshot](https://github.com/VEER-TANMAY-SACHIN/projects/blob/main/orchavate_gtm_workflow/outputs/projects/Reliance_Infrastructure_Ltd/screenshots/Reliance_Infrastructure_Ltd_Homepage_WAVE_Overlay.png)","Company Secretary (Reliance Infrastructure Ltd)","Company Secretary & Compliance Officer","info@rinfra.com","General Contact Email (Guessed Pattern)","Managing Director / CEO","info@rinfra.com"
"144","Unassigned","Steelco Gujarat Ltd","https://steelcogujarat.com","Yes","Yes","Yes","7.8 out of 10","","100","![WAVE Tool Screenshot](https://github.com/VEER-TANMAY-SACHIN/projects/blob/main/orchavate_gtm_workflow/outputs/projects/Steelco_Gujarat_Ltd/screenshots/Steelco_Gujarat_Ltd_Homepage_WAVE_Overlay.png)","Company Secretary (Steelco Gujarat Ltd)","Company Secretary & Compliance Officer","info@steelcogujarat.com","General Contact Email (Guessed Pattern)","Managing Director / CEO","info@steelcogujarat.com"